1,streetcar
2,streetcar
3,streetcar
4,streetcar
5,streetcar
6,streetcar
7,streetcar
8,streetcar
9,streetcar
10,streetcar
11,streetcar
12,streetcar
13,streetcar
14,streetcar
15,streetcar
16,streetcar
17,streetcar
18,streetcar
19,streetcar
20,streetcar
21,streetcar
22,streetcar
23,streetcar
24,streetcar
25,streetcar
26,streetcar
27,streetcar
28,streetcar
29,streetcar
30,streetcar
31,streetcar
32,streetcar
33,streetcar
34,streetcar
35,streetcar
36,streetcar
37,streetcar
38,streetcar
39,streetcar
40,streetcar
41,streetcar
42,streetcar
43,streetcar
44,streetcar
45,streetcar
46,streetcar
47,streetcar
48,streetcar
49,streetcar
50,streetcar
51,streetcar
52,streetcar
53,streetcar
54,streetcar
55,streetcar
56,streetcar
57,streetcar
58,streetcar
59,streetcar
60,streetcar
61,streetcar
62,streetcar
63,streetcar
64,streetcar
65,streetcar
66,streetcar
67,streetcar
68,streetcar
69,streetcar
70,streetcar
71,streetcar
72,streetcar
73,streetcar
74,streetcar
75,streetcar
76,streetcar
77,streetcar
78,streetcar
79,streetcar
80,streetcar
81,streetcar
82,streetcar
83,streetcar
84,streetcar
85,streetcar
86,streetcar
87,streetcar
88,streetcar
89,streetcar
90,streetcar
91,streetcar
92,streetcar
93,streetcar
94,streetcar
95,streetcar
96,streetcar
97,streetcar
98,streetcar
99,streetcar
100,streetcar
101,streetcar
102,streetcar
103,streetcar
104,streetcar
105,streetcar
106,streetcar
107,streetcar
108,streetcar
109,streetcar
110,streetcar
111,streetcar
112,streetcar
113,streetcar
114,streetcar
115,streetcar
116,streetcar
117,streetcar
118,streetcar
119,streetcar
120,streetcar
121,streetcar
122,streetcar
123,streetcar
124,streetcar
125,streetcar
126,streetcar
127,streetcar
128,streetcar
129,streetcar
130,streetcar
131,streetcar
132,streetcar
133,streetcar
134,streetcar
135,streetcar
136,streetcar
137,streetcar
138,streetcar
139,streetcar
140,streetcar
141,streetcar
142,streetcar
143,streetcar
144,streetcar
145,streetcar
146,streetcar
147,streetcar
148,streetcar
149,streetcar
150,streetcar
151,streetcar
152,streetcar
153,streetcar
154,streetcar
155,streetcar
156,streetcar
157,streetcar
158,streetcar
159,streetcar
160,streetcar
161,streetcar
162,streetcar
163,streetcar
164,streetcar
165,streetcar
166,streetcar
167,streetcar
168,streetcar
169,streetcar
170,streetcar
171,streetcar
172,streetcar
173,streetcar
174,streetcar
175,streetcar
176,streetcar
177,streetcar
178,streetcar
179,streetcar
180,streetcar
181,streetcar
182,streetcar
183,streetcar
184,streetcar
185,streetcar
186,streetcar
187,streetcar
188,streetcar
189,streetcar
190,streetcar
191,streetcar
192,streetcar
193,streetcar
194,streetcar
195,streetcar
196,streetcar
197,streetcar
198,streetcar
199,streetcar
200,streetcar
201,streetcar
202,streetcar
203,streetcar
204,streetcar
205,streetcar
206,streetcar
207,streetcar
208,streetcar
209,streetcar
210,streetcar
211,streetcar
212,streetcar
213,streetcar
214,streetcar
215,streetcar
216,streetcar
217,streetcar
218,streetcar
219,streetcar
220,streetcar
221,streetcar
222,streetcar
223,streetcar
224,streetcar
225,streetcar
226,streetcar
227,streetcar
228,streetcar
229,streetcar
230,streetcar
231,streetcar
232,streetcar
233,streetcar
234,streetcar
235,streetcar
236,streetcar
237,streetcar
238,streetcar
239,streetcar
240,streetcar
241,streetcar
242,streetcar
243,streetcar
244,streetcar
245,streetcar
246,streetcar
247,streetcar
248,streetcar
249,streetcar
250,streetcar
251,streetcar
252,streetcar
253,streetcar
254,streetcar
255,streetcar
256,streetcar
257,streetcar
258,streetcar
259,streetcar
260,streetcar
261,streetcar
262,streetcar
263,streetcar
264,streetcar
265,streetcar
266,streetcar
267,streetcar
268,streetcar
269,streetcar
270,streetcar
271,streetcar
272,streetcar
273,streetcar
274,streetcar
275,streetcar
276,streetcar
277,streetcar
278,streetcar
279,streetcar
280,streetcar
281,streetcar
282,streetcar
283,streetcar
284,streetcar
285,streetcar
286,streetcar
287,streetcar
288,streetcar
289,streetcar
290,streetcar
291,streetcar
292,streetcar
293,streetcar
294,streetcar
295,streetcar
296,streetcar
297,streetcar
298,streetcar
299,streetcar
300,streetcar
301,streetcar
302,streetcar
303,streetcar
304,streetcar
305,streetcar
306,streetcar
307,streetcar
308,streetcar
309,streetcar
310,streetcar
311,streetcar
312,streetcar
313,streetcar
314,streetcar
315,streetcar
316,streetcar
317,streetcar
318,streetcar
319,streetcar
320,streetcar
321,streetcar
322,streetcar
323,streetcar
324,streetcar
325,streetcar
326,streetcar
327,streetcar
328,streetcar
329,streetcar
1000,bus
1001,bus
1002,bus
1003,bus
1004,bus
1005,bus
1006,bus
1007,bus
1008,bus
1009,bus
1010,bus
1011,bus
1012,bus
1013,bus
1014,bus
1015,bus
1016,bus
1017,bus
1018,bus
1019,bus
1020,bus
1021,bus
1022,bus
1023,bus
1024,bus
1025,bus
1026,bus
1027,bus
1028,bus
1029,bus
1030,bus
1031,bus
1032,bus
1033,bus
1034,bus
1035,bus
1036,bus
1037,bus
1038,bus
1039,bus
1040,bus
1041,bus
1042,bus
1043,bus
1044,bus
1045,bus
1046,bus
1047,bus
1048,bus
1049,bus
1050,bus
1051,bus
1052,bus
1053,bus
1054,bus
1055,bus
1056,bus
1057,bus
1058,bus
1059,bus
1060,bus
1061,bus
1062,bus
1063,bus
1064,bus
1065,bus
1066,bus
1067,bus
1068,bus
1069,bus
1070,bus
1071,bus
1072,bus
1073,bus
1074,bus
1075,bus
1076,bus
1077,bus
1078,bus
1079,bus
1080,bus
1081,bus
1082,bus
1083,bus
1084,bus
1085,bus
1086,bus
1087,bus
1088,bus
1089,bus
1090,bus
1091,bus
1092,bus
1093,bus
1094,bus
1095,bus
1096,bus
1097,bus
1098,bus
1099,bus
1100,bus
1101,bus
1102,bus
1103,bus
1104,bus
1105,bus
1106,bus
1107,bus
1108,bus
1109,bus
1110,bus
1111,bus
1112,bus
1113,bus
1114,bus
1115,bus
1116,bus
1117,bus
1118,bus
1119,bus
1120,bus
1121,bus
1122,bus
1123,bus
1124,bus
1125,bus
1126,bus
1127,bus
1128,bus
1129,bus
1130,bus
1131,bus
1132,bus
1133,bus
1134,bus
1135,bus
1136,bus
1137,bus
1138,bus
1139,bus
1140,bus
1141,bus
1142,bus
1143,bus
1144,bus
1145,bus
1146,bus
1147,bus
1148,bus
1149,bus
1150,bus
1151,bus
1152,bus
1153,bus
1154,bus
1155,bus
1156,bus
1157,bus
1158,bus
1159,bus
1160,bus
1161,bus
1162,bus
1163,bus
1164,bus
1165,bus
1166,bus
1167,bus
1168,bus
1169,bus
1170,bus
1171,bus
1172,bus
1173,bus
1174,bus
1175,bus
1176,bus
1177,bus
1178,bus
1179,bus
1180,bus
1181,bus
1182,bus
1183,bus
1184,bus
1185,bus
1186,bus
1187,bus
1188,bus
1189,bus
1190,bus
1191,bus
1192,bus
1193,bus
1194,bus
1195,bus
1196,bus
1197,bus
1198,bus
1199,bus
1200,bus
1201,bus
1202,bus
1203,bus
1204,bus
1205,bus
1206,bus
1207,bus
1208,bus
1209,bus
1210,bus
1211,bus
1212,bus
1213,bus
1214,bus
1215,bus
1216,bus
1217,bus
1218,bus
1219,bus
1220,bus
1221,bus
1222,bus
1223,bus
1224,bus
1225,bus
1226,bus
1227,bus
1228,bus
1229,bus
1230,bus
1231,bus
1232,bus
1233,bus
1234,bus
1235,bus
1236,bus
1237,bus
1238,bus
1239,bus
1240,bus
1241,bus
1242,bus
1243,bus
1244,bus
1245,bus
1246,bus
1247,bus
1248,bus
1249,bus
1250,bus
1251,bus
1252,bus
1253,bus
1254,bus
1255,bus
1256,bus
1257,bus
1258,bus
1259,bus
1260,bus
1261,bus
1262,bus
1263,bus
1264,bus
1265,bus
1266,bus
1267,bus
1268,bus
1269,bus
1270,bus
1271,bus
1272,bus
1273,bus
1274,bus
1275,bus
1276,bus
1277,bus
1278,bus
1279,bus
1280,bus
1281,bus
1282,bus
1283,bus
1284,bus
1285,bus
1286,bus
1287,bus
1288,bus
1289,bus
1290,bus
1291,bus
1292,bus
1293,bus
1294,bus
1295,bus
1296,bus
1297,bus
1298,bus
1299,bus
1300,bus
1301,bus
1302,bus
1303,bus
1304,bus
1305,bus
1306,bus
1307,bus
1308,bus
1309,bus
1310,bus
1311,bus
1312,bus
1313,bus
1314,bus
1315,bus
1316,bus
1317,bus
1318,bus
1319,bus
1320,bus
1321,bus
1322,bus
1323,bus
1324,bus
1325,bus
1326,bus
1327,bus
1328,bus
1329,bus
1330,bus
1331,bus
1332,bus
1333,bus
1334,bus
1335,bus
1336,bus
1337,bus
1338,bus
1339,bus
1340,bus
1341,bus
1342,bus
1343,bus
1344,bus
1345,bus
1346,bus
1347,bus
1348,bus
1349,bus
1350,bus
1351,bus
1352,bus
1353,bus
1354,bus
1355,bus
1356,bus
1357,bus
1358,bus
1359,bus
1360,bus
1361,bus
1362,bus
1363,bus
1364,bus
1365,bus
1366,bus
1367,bus
1368,bus
1369,bus
1370,bus
1371,bus
1372,bus
1373,bus
1374,bus
1375,bus
1376,bus
1377,bus
1378,bus
1379,bus
1380,bus
1381,bus
1382,bus
1383,bus
1384,bus
1385,bus
1386,bus
1387,bus
1388,bus
1389,bus
1390,bus
1391,bus
1392,bus
1393,bus
1394,bus
1395,bus
1396,bus
1397,bus
1398,bus
1399,bus
1400,bus
1401,bus
1402,bus
1403,bus
1404,bus
1405,bus
1406,bus
1407,bus
1408,bus
1409,bus
1410,bus
1411,bus
1412,bus
1413,bus
1414,bus
1415,bus
1416,bus
1417,bus
1418,bus
1419,bus
1420,bus
1421,bus
1422,bus
1423,bus
1424,bus
1425,bus
1426,bus
1427,bus
1428,bus
1429,bus
1430,bus
1431,bus
1432,bus
1433,bus
1434,bus
1435,bus
1436,bus
1437,bus
1438,bus
1439,bus
1440,bus
1441,bus
1442,bus
1443,bus
1444,bus
1445,bus
1446,bus
1447,bus
1448,bus
1449,bus
1450,bus
1451,bus
1452,bus
1453,bus
1454,bus
1455,bus
1456,bus
1457,bus
1458,bus
1459,bus
1460,bus
1461,bus
1462,bus
1463,bus
1464,bus
1465,bus
1466,bus
1467,bus
1468,bus
1469,bus
1470,bus
1471,bus
1472,bus
1473,bus
1474,bus
1475,bus
1476,bus
1477,bus
1478,bus
1479,bus
1480,bus
1481,bus
1482,bus
1483,bus
1484,bus
1485,bus
1486,bus
1487,bus
1488,bus
1489,bus
1490,bus
1491,bus
1492,bus
1493,bus
1494,bus
1495,bus
1496,bus
1497,bus
1498,bus
1499,bus
1500,bus
1501,bus
1502,bus
1503,bus
1504,bus
1505,bus
1506,bus
1507,bus
1508,bus
1509,bus
1510,bus
1511,bus
1512,bus
1513,bus
1514,bus
1515,bus
1516,bus
1517,bus
1518,bus
1519,bus
1520,bus
1521,bus
1522,bus
1523,bus
1524,bus
1525,bus
1526,bus
1527,bus
1528,bus
1529,bus
1530,bus
1531,bus
1532,bus
1533,bus
1534,bus
1535,bus
1536,bus
1537,bus
1538,bus
1539,bus
1540,bus
1541,bus
1542,bus
1543,bus
1544,bus
1545,bus
1546,bus
1547,bus
1548,bus
1549,bus
1550,bus
1551,bus
1552,bus
1553,bus
1554,bus
1555,bus
1556,bus
1557,bus
1558,bus
1559,bus
1560,bus
1561,bus
1562,bus
1563,bus
1564,bus
1565,bus
1566,bus
1567,bus
1568,bus
1569,bus
1570,bus
1571,bus
1572,bus
1573,bus
1574,bus
1575,bus
1576,bus
1577,bus
1578,bus
1579,bus
1580,bus
1581,bus
1582,bus
1583,bus
1584,bus
1585,bus
1586,bus
1587,bus
1588,bus
1589,bus
1590,bus
1591,bus
1592,bus
1593,bus
1594,bus
1595,bus
1596,bus
1597,bus
1598,bus
1599,bus
1600,bus
1601,bus
1602,bus
1603,bus
1604,bus
1605,bus
1606,bus
1607,bus
1608,bus
1609,bus
1610,bus
1611,bus
1612,bus
1613,bus
1614,bus
1615,bus
1616,bus
1617,bus
1618,bus
1619,bus
1620,bus
1621,bus
1622,bus
1623,bus
1624,bus
1625,bus
1626,bus
1627,bus
1628,bus
1629,bus
1630,bus
1631,bus
1632,bus
1633,bus
1634,bus
1635,bus
1636,bus
1637,bus
1638,bus
1639,bus
1640,bus
1641,bus
1642,bus
1643,bus
1644,bus
1645,bus
1646,bus
1647,bus
1648,bus
1649,bus
1650,bus
1651,bus
1652,bus
1653,bus
1654,bus
1655,bus
1656,bus
1657,bus
1658,bus
1659,bus
1660,bus
1661,bus
1662,bus
1663,bus
1664,bus
1665,bus
1666,bus
1667,bus
1668,bus
1669,bus
1670,bus
1671,bus
1672,bus
1673,bus
1674,bus
1675,bus
1676,bus
1677,bus
1678,bus
1679,bus
1680,bus
1681,bus
1682,bus
1683,bus
1684,bus
1685,bus
1686,bus
1687,bus
1688,bus
1689,bus
1690,bus
1691,bus
1692,bus
1693,bus
1694,bus
1695,bus
1696,bus
1697,bus
1698,bus
1699,bus
1700,bus
1701,bus
1702,bus
1703,bus
1704,bus
1705,bus
1706,bus
1707,bus
1708,bus
1709,bus
1710,bus
1711,bus
1712,bus
1713,bus
1714,bus
1715,bus
1716,bus
1717,bus
1718,bus
1719,bus
1720,bus
1721,bus
1722,bus
1723,bus
1724,bus
1725,bus
1726,bus
1727,bus
1728,bus
1729,bus
1730,bus
1731,bus
1732,bus
1733,bus
1734,bus
1735,bus
1736,bus
1737,bus
1738,bus
1739,bus
1740,bus
1741,bus
1742,bus
1743,bus
1744,bus
1745,bus
1746,bus
1747,bus
1748,bus
1749,bus
1750,bus
1751,bus
1752,bus
1753,bus
1754,bus
1755,bus
1756,bus
1757,bus
1758,bus
1759,bus
1760,bus
1761,bus
1762,bus
1763,bus
1764,bus
1765,bus
1766,bus
1767,bus
1768,bus
1769,bus
1770,bus
1771,bus
1772,bus
1773,bus
1774,bus
1775,bus
1776,bus
1777,bus
1778,bus
1779,bus
1780,bus
1781,bus
1782,bus
1783,bus
1784,bus
1785,bus
1786,bus
1787,bus
1788,bus
1789,bus
1790,bus
1791,bus
1792,bus
1793,bus
1794,bus
1795,bus
1796,bus
1797,bus
1798,bus
1799,bus
1800,bus
1801,bus
1802,bus
1803,bus
1804,bus
1805,bus
1806,bus
1807,bus
1808,bus
1809,bus
1810,bus
1811,bus
1812,bus
1813,bus
1814,bus
1815,bus
1816,bus
1817,bus
1818,bus
1819,bus
1820,bus
1821,bus
1822,bus
1823,bus
1824,bus
1825,bus
1826,bus
1827,bus
1828,bus
1829,bus
1830,bus
1831,bus
1832,bus
1833,bus
1834,bus
1835,bus
1836,bus
1837,bus
1838,bus
1839,bus
1840,bus
1841,bus
1842,bus
1843,bus
1844,bus
1845,bus
1846,bus
1847,bus
1848,bus
1849,bus
1850,bus
1851,bus
1852,bus
1853,bus
1854,bus
1855,bus
1856,bus
1857,bus
1858,bus
1859,bus
1860,bus
1861,bus
1862,bus
1863,bus
1864,bus
1865,bus
1866,bus
1867,bus
1868,bus
1869,bus
1870,bus
1871,bus
1872,bus
1873,bus
1874,bus
1875,bus
1876,bus
1877,bus
1878,bus
1879,bus
1880,bus
1881,bus
1882,bus
1883,bus
1884,bus
1885,bus
1886,bus
1887,bus
1888,bus
1889,bus
1890,bus
1891,bus
1892,bus
1893,bus
1894,bus
1895,bus
1896,bus
1897,bus
1898,bus
1899,bus
1900,bus
1901,bus
1902,bus
1903,bus
1904,bus
1905,bus
1906,bus
1907,bus
1908,bus
1909,bus
1910,bus
1911,bus
1912,bus
1913,bus
1914,bus
1915,bus
1916,bus
1917,bus
1918,bus
1919,bus
1920,bus
1921,bus
1922,bus
1923,bus
1924,bus
1925,bus
1926,bus
1927,bus
1928,bus
1929,bus
1930,bus
1931,bus
1932,bus
1933,bus
1934,bus
1935,bus
1936,bus
1937,bus
1938,bus
1939,bus
1940,bus
1941,bus
1942,bus
1943,bus
1944,bus
1945,bus
1946,bus
1947,bus
1948,bus
1949,bus
1950,bus
1951,bus
1952,bus
1953,bus
1954,bus
1955,bus
1956,bus
1957,bus
1958,bus
1959,bus
1960,bus
1961,bus
1962,bus
1963,bus
1964,bus
1965,bus
1966,bus
1967,bus
1968,bus
1969,bus
1970,bus
1971,bus
1972,bus
1973,bus
1974,bus
1975,bus
1976,bus
1977,bus
1978,bus
1979,bus
1980,bus
1981,bus
1982,bus
1983,bus
1984,bus
1985,bus
1986,bus
1987,bus
1988,bus
1989,bus
1990,bus
1991,bus
1992,bus
1993,bus
1994,bus
1995,bus
1996,bus
1997,bus
1998,bus
1999,bus
2000,bus
2001,bus
2002,bus
2003,bus
2004,bus
2005,bus
2006,bus
2007,bus
2008,bus
2009,bus
2010,bus
2011,bus
2012,bus
2013,bus
2014,bus
2015,bus
2016,bus
2017,bus
2018,bus
2019,bus
2020,bus
2021,bus
2022,bus
2023,bus
2024,bus
2025,bus
2026,bus
2027,bus
2028,bus
2029,bus
2030,bus
2031,bus
2032,bus
2033,bus
2034,bus
2035,bus
2036,bus
2037,bus
2038,bus
2039,bus
2040,bus
2041,bus
2042,bus
2043,bus
2044,bus
2045,bus
2046,bus
2047,bus
2048,bus
2049,bus
2050,bus
2051,bus
2052,bus
2053,bus
2054,bus
2055,bus
2056,bus
2057,bus
2058,bus
2059,bus
2060,bus
2061,bus
2062,bus
2063,bus
2064,bus
2065,bus
2066,bus
2067,bus
2068,bus
2069,bus
2070,bus
2071,bus
2072,bus
2073,bus
2074,bus
2075,bus
2076,bus
2077,bus
2078,bus
2079,bus
2080,bus
2081,bus
2082,bus
2083,bus
2084,bus
2085,bus
2086,bus
2087,bus
2088,bus
2089,bus
2090,bus
2091,bus
2092,bus
2093,bus
2094,bus
2095,bus
2096,bus
2097,bus
2098,bus
2099,bus
2100,bus
2101,bus
2102,bus
2103,bus
2104,bus
2105,bus
2106,bus
2107,bus
2108,bus
2109,bus
2110,bus
2111,bus
2112,bus
2113,bus
2114,bus
2115,bus
2116,bus
2117,bus
2118,bus
2119,bus
2120,bus
2121,bus
2122,bus
2123,bus
2124,bus
2125,bus
2126,bus
2127,bus
2128,bus
2129,bus
2130,bus
2131,bus
2132,bus
2133,bus
2134,bus
2135,bus
2136,bus
2137,bus
2138,bus
2139,bus
2140,bus
2141,bus
2142,bus
2143,bus
2144,bus
2145,bus
2146,bus
2147,bus
2148,bus
2149,bus
2150,bus
2151,bus
2152,bus
2153,bus
2154,bus
2155,bus
2156,bus
2157,bus
2158,bus
2159,bus
2160,bus
2161,bus
2162,bus
2163,bus
2164,bus
2165,bus
2166,bus
2167,bus
2168,bus
2169,bus
2170,bus
2171,bus
2172,bus
2173,bus
2174,bus
2175,bus
2176,bus
2177,bus
2178,bus
2179,bus
2180,bus
2181,bus
2182,bus
2183,bus
2184,bus
2185,bus
2186,bus
2187,bus
2188,bus
2189,bus
2190,bus
2191,bus
2192,bus
2193,bus
2194,bus
2195,bus
2196,bus
2197,bus
2198,bus
2199,bus
2200,bus
2201,bus
2202,bus
2203,bus
2204,bus
2205,bus
2206,bus
2207,bus
2208,bus
2209,bus
2210,bus
2211,bus
2212,bus
2213,bus
2214,bus
2215,bus
2216,bus
2217,bus
2218,bus
2219,bus
2220,bus
2221,bus
2222,bus
2223,bus
2224,bus
2225,bus
2226,bus
2227,bus
2228,bus
2229,bus
2230,bus
2231,bus
2232,bus
2233,bus
2234,bus
2235,bus
2236,bus
2237,bus
2238,bus
2239,bus
2240,bus
2241,bus
2242,bus
2243,bus
2244,bus
2245,bus
2246,bus
2247,bus
2248,bus
2249,bus
2250,bus
2251,bus
2252,bus
2253,bus
2254,bus
2255,bus
2256,bus
2257,bus
2258,bus
2259,bus
2260,bus
2261,bus
2262,bus
2263,bus
2264,bus
2265,bus
2266,bus
2267,bus
2268,bus
2269,bus
2270,bus
2271,bus
2272,bus
2273,bus
2274,bus
2275,bus
2276,bus
2277,bus
2278,bus
2279,bus
2280,bus
2281,bus
2282,bus
2283,bus
2284,bus
2285,bus
2286,bus
2287,bus
2288,bus
2289,bus
2290,bus
2291,bus
2292,bus
2293,bus
2294,bus
2295,bus
2296,bus
2297,bus
2298,bus
2299,bus
2300,bus
2301,bus
2302,bus
2303,bus
2304,bus
2305,bus
2306,bus
2307,bus
2308,bus
2309,bus
2310,bus
2311,bus
2312,bus
2313,bus
2314,bus
2315,bus
2316,bus
2317,bus
2318,bus
2319,bus
2320,bus
2321,bus
2322,bus
2323,bus
2324,bus
2325,bus
2326,bus
2327,bus
2328,bus
2329,bus
2330,bus
2331,bus
2332,bus
2333,bus
2334,bus
2335,bus
2336,bus
2337,bus
2338,bus
2339,bus
2340,bus
2341,bus
2342,bus
2343,bus
2344,bus
2345,bus
2346,bus
2347,bus
2348,bus
2349,bus
2350,bus
2351,bus
2352,bus
2353,bus
2354,bus
2355,bus
2356,bus
2357,bus
2358,bus
2359,bus
2360,bus
2361,bus
2362,bus
2363,bus
2364,bus
2365,bus
2366,bus
2367,bus
2368,bus
2369,bus
2370,bus
2371,bus
2372,bus
2373,bus
2374,bus
2375,bus
2376,bus
2377,bus
2378,bus
2379,bus
2380,bus
2381,bus
2382,bus
2383,bus
2384,bus
2385,bus
2386,bus
2387,bus
2388,bus
2389,bus
2390,bus
2391,bus
2392,bus
2393,bus
2394,bus
2395,bus
2396,bus
2397,bus
2398,bus
2399,bus
2400,bus
2401,bus
2402,bus
2403,bus
2404,bus
2405,bus
2406,bus
2407,bus
2408,bus
2409,bus
2410,bus
2411,bus
2412,bus
2413,bus
2414,bus
2415,bus
2416,bus
2417,bus
2418,bus
2419,bus
2420,bus
2421,bus
2422,bus
2423,bus
2424,bus
2425,bus
2426,bus
2427,bus
2428,bus
2429,bus
2430,bus
2431,bus
2432,bus
2433,bus
2434,bus
2435,bus
2436,bus
2437,bus
2438,bus
2439,bus
2440,bus
2441,bus
2442,bus
2443,bus
2444,bus
2445,bus
2446,bus
2447,bus
2448,bus
2449,bus
2450,bus
2451,bus
2452,bus
2453,bus
2454,bus
2455,bus
2456,bus
2457,bus
2458,bus
2459,bus
2460,bus
2461,bus
2462,bus
2463,bus
2464,bus
2465,bus
2466,bus
2467,bus
2468,bus
2469,bus
2470,bus
2471,bus
2472,bus
2473,bus
2474,bus
2475,bus
2476,bus
2477,bus
2478,bus
2479,bus
2480,bus
2481,bus
2482,bus
2483,bus
2484,bus
2485,bus
2486,bus
2487,bus
2488,bus
2489,bus
3000,train
3001,train
3002,train
3003,train
3004,train
3005,train
3006,train
3007,train
3008,train
3009,train
3010,train
3011,train
3012,train
3013,train
3014,train
3015,train
3016,train
3017,train
3018,train
3019,train
3020,train
3021,train
3022,train
3023,train
3024,train
3025,train
3026,train
3027,train
3028,train
3029,train
3030,train
3031,train
3032,train
3033,train
3034,train
3035,train
3036,train
3037,train
3038,train
3039,train
3040,train
3041,train
3042,train
3043,train
3044,train
3045,train
3046,train
3047,train
3048,train
3049,train
3050,train
3051,train
3052,train
3053,train
3054,train
3055,train
3056,train
3057,train
3058,train
3059,train
3060,train
3061,train
3062,train
3063,train
3064,train
3065,train
3066,train
3067,train
3068,train
3069,train
3070,train
3071,train
3072,train
3073,train
3074,train
3075,train
3076,train
3077,train
3078,train
3079,train
3080,train
3081,train
3082,train
3083,train
3084,train
3085,train
3086,train
3087,train
3088,train
3089,train
3090,train
3091,train
3092,train
3093,train
3094,train
3095,train
3096,train
3097,train
3098,train
3099,train
3100,train
3101,train
3102,train
3103,train
3104,train
3105,train
3106,train
3107,train
3108,train
3109,train
3110,train
3111,train
3112,train
3113,train
3114,train
3115,train
3116,train
3117,train
3118,train
3119,train
3120,train
3121,train
3122,train
3123,train
3124,train
3125,train
3126,train
3127,train
3128,train
3129,train
3130,train
3131,train
3132,train
3133,train
3134,train
3135,train
3136,train
3137,train
3138,train
3139,train
3140,train
3141,train
3142,train
3143,train
3144,train
3145,train
3146,train
3147,train
3148,train
3149,train
3150,train
3151,train
3152,train
3153,train
3154,train
3155,train
3156,train
3157,train
3158,train
3159,train
3160,train
3161,train
3162,train
3163,train
3164,train
3165,train
3166,train
3167,train
3168,train
3169,train
3170,train
3171,train
3172,train
3173,train
3174,train
3175,train
3176,train
3177,train
3178,train
3179,train
3180,train
3181,train
3182,train
3183,train
3184,train
3185,train
3186,train
3187,train
3188,train
3189,train
3190,train
3191,train
3192,train
3193,train
3194,train
3195,train
3196,train
3197,train
3198,train
3199,train
3200,train
3201,train
3202,train
3203,train
3204,train
3205,train
3206,train
3207,train
3208,train
3209,train
3210,train
3211,train
3212,train
3213,train
3214,train
3215,train
3216,train
3217,train
3218,train
3219,train
3220,train
3221,train
3222,train
3223,train
3224,train
3225,train
3226,train
3227,train
3228,train
3229,train
3230,train
3231,train
3232,train
3233,train
3234,train
3235,train
3236,train
3237,train
3238,train
3239,train
3240,train
3241,train
3242,train
3243,train
3244,train
3245,train
3246,train
3247,train
3248,train
3249,train
3250,train
3251,train
3252,train
3253,train
3254,train
3255,train
3256,train
3257,train
3258,train
3259,train
3260,train
3261,train
3262,train
3263,train
3264,train
3265,train
3266,train
3267,train
3268,train
3269,train
3270,train
3271,train
3272,train
3273,train
3274,train
3275,train
3276,train
3277,train
3278,train
3279,train
3280,train
3281,train
3282,train
3283,train
3284,train
3285,train
3286,train
3287,train
3288,train
3289,train
3290,train
3291,train
3292,train
3293,train
3294,train
3295,train
3296,train
3297,train
3298,train
3299,train
3300,train
3301,train
3302,train
3303,train
3304,train
3305,train
3306,train
3307,train
3308,train
3309,train
3310,train
3311,train
3312,train
3313,train
3314,train
3315,train
3316,train
3317,train
3318,train
3319,train
3320,train
3321,train
3322,train
3323,train
3324,train
3325,train
3326,train
3327,train
3328,train
3329,train
3330,train
3331,train
3332,train
3333,train
3334,train
3335,train
3336,train
3337,train
3338,train
3339,train
3340,train
3341,train
3342,train
3343,train
3344,train
3345,train
3346,train
3347,train
3348,train
3349,train
3350,train
3351,train
3352,train
3353,train
3354,train
3355,train
3356,train
3357,train
3358,train
3359,train
3360,train
3361,train
3362,train
3363,train
3364,train
3365,train
3366,train
3367,train
3368,train
3369,train
3370,train
3371,train
3372,train
3373,train
3374,train
3375,train
3376,train
3377,train
3378,train
3379,train
3380,train
3381,train
3382,train
3383,train
3384,train
3385,train
3386,train
3387,train
3388,train
3389,train
3390,train
3391,train
3392,train
3393,train
3394,train
3395,train
3396,train
3397,train
3398,train
3399,train
3400,train
3401,train
3402,train
3403,train
3404,train
3405,train
3406,train
3407,train
3408,train
3409,train
3410,train
3411,train
3412,train
3413,train
3414,train
3415,train
3416,train
3417,train
3418,train
3419,train
3420,train
3421,train
3422,train
3423,train
3424,train
3425,train
3426,train
3427,train
3428,train
3429,train
3430,train
3431,train
3432,train
3433,train
3434,train
3435,train
3436,train
3437,train
3438,train
3439,train
3440,train
3441,train
3442,train
3443,train
3444,train
3445,train
3446,train
3447,train
3448,train
3449,train
3450,train
3451,train
3452,train
3453,train
3454,train
3455,train
3456,train
3457,train
3458,train
3459,train
3460,train
3461,train
3462,train
3463,train
3464,train
3465,train
3466,train
3467,train
3468,train
3469,train
3470,train
3471,train
3472,train
3473,train
